{
  "version": "2020.2",
  "applications": [],
  "platforms": [
    {
      "name": "top"
    }
  ],
  "systems": [
    {
      "name": "memtest_system",
      "platform": "D:/Work/Projects/OpenHBMC/OpenHBMC/examples/mb_single_ram/src/sdk/top/export/top/top.xpfm",
      "sysConfig": "top",
      "buildConfig": "Debug",
      "applications": [
        {
          "name": "memtest",
          "platform": "D:/Work/Projects/OpenHBMC/OpenHBMC/examples/mb_single_ram/src/sdk/top/export/top/top.xpfm",
          "platformPath": "D:\\Work\\Projects\\OpenHBMC\\OpenHBMC\\examples\\mb_single_ram\\src\\sdk\\top\\export\\top",
          "sysConfig": "top",
          "domain": "standalone_microblaze_0",
          "system": "memtest_system"
        }
      ],
      "platformPath": "D:\\Work\\Projects\\OpenHBMC\\OpenHBMC\\examples\\mb_single_ram\\src\\sdk\\top\\export\\top"
    }
  ],
  "others": []
}